source_path	classification	destination	sha256	rationale
.env.example	transform	.env.example	0b2e563c2b51166230dbacca40f64d3725a5194e016440ae5509cfd213017e3f	safe template rewritten for clean Next.js bootstrap
.gitignore	transform	.gitignore	7598c6ef81962f6ae0f9cdc591279c400c16e6c097d67fd8279f6fe70101cb5e	safe template rewritten for clean Next.js bootstrap
.node-version	retain	.node-version	55075b5ec4e8b31936cbbc282b8829116d1fd48f2f2f1856dee592a6650700ce	immutable baseline retained byte-for-byte
.npmrc	retain	.npmrc	da1e4d99f86ae502288effa20341d7e092678071d296c61b652ec8a04e2f9d98	immutable baseline retained byte-for-byte
.prettierignore	transform	.prettierignore	acd2de89aafaa57d31a686ecf551d86535acbbcb90db54c275b6f7066fd3f47a	safe template rewritten for clean Next.js bootstrap
.prettierrc.json	retain	.prettierrc.json	ebe733191f06a29fdd34a4683327d9a36c008ed8da564d8e7def1c700d7463ff	immutable baseline retained byte-for-byte
.vercelignore	transform	.vercelignore	898139e8eaad3ff90acb2deda04413ec716ad8a21a42d3197938318e6bc42980	safe template rewritten for clean Next.js bootstrap
PRODUCT.md	golden-only	golden:amordle-pre-terminal-greenfield-golden-2026-07-26:PRODUCT.md	db51c3a8d6d04fae248f3f974b508b8089cbc6b0b80ade81b569d549235ca356	rejected application, test, fixture, API, visual, or governance evidence
README.md	transform	README.md	8f27e848216181a6398adff0bf6745cafb551faf61daf4c8cd32e61888e24ab8	safe template rewritten for clean Next.js bootstrap
api/_lib/admin-auth.ts	golden-only	golden:amordle-pre-terminal-greenfield-golden-2026-07-26:api/_lib/admin-auth.ts	aacc662b88d35d486843606a11a0da6c650a22ab3bc5cc2db5b71fb6efb8dc49	rejected application, test, fixture, API, visual, or governance evidence
api/_lib/blob-store.ts	golden-only	golden:amordle-pre-terminal-greenfield-golden-2026-07-26:api/_lib/blob-store.ts	fff0935ca451a6a523778b8abfe3e4aeb94bbebea7d8468a1449c14840012315	rejected application, test, fixture, API, visual, or governance evidence
api/_lib/http.ts	golden-only	golden:amordle-pre-terminal-greenfield-golden-2026-07-26:api/_lib/http.ts	1b7ad3c39109217ce5d59cb31b43e8e8ea8acc3832fad06c1f64ffae5c2267f1	rejected application, test, fixture, API, visual, or governance evidence
api/_lib/safe-error.ts	golden-only	golden:amordle-pre-terminal-greenfield-golden-2026-07-26:api/_lib/safe-error.ts	99ae3d8d188852c5ec60d5825c414ba9e247f5645148fc1a041b5672dd2d505a	rejected application, test, fixture, API, visual, or governance evidence
api/_lib/server-env.ts	golden-only	golden:amordle-pre-terminal-greenfield-golden-2026-07-26:api/_lib/server-env.ts	63cef0b662130498f6662c3e816366ae69828aca338f4d965d5db33ae9a15479	rejected application, test, fixture, API, visual, or governance evidence
api/_lib/word-list-publication-store.ts	golden-only	golden:amordle-pre-terminal-greenfield-golden-2026-07-26:api/_lib/word-list-publication-store.ts	398bf43b9a90f3812273fc6aec0da7375c78e2911f7926febbf77d405650c672	rejected application, test, fixture, API, visual, or governance evidence
api/_lib/word-list-refresh.ts	golden-only	golden:amordle-pre-terminal-greenfield-golden-2026-07-26:api/_lib/word-list-refresh.ts	9c1815731806a121c24e9ce32e46d47ae123de6b2c065261f21cfc6395793145	rejected application, test, fixture, API, visual, or governance evidence
api/admin-refresh.ts	golden-only	golden:amordle-pre-terminal-greenfield-golden-2026-07-26:api/admin-refresh.ts	39bb2626400b2130c9df566778eecee3ae8ef2c552c0e72ffc4972e98c841919	rejected application, test, fixture, API, visual, or governance evidence
api/cron/refresh-word-lists.ts	golden-only	golden:amordle-pre-terminal-greenfield-golden-2026-07-26:api/cron/refresh-word-lists.ts	70e4126c97120338546a4e748f228b7d7f41db96c28febf0eb66a4c0948f6c9e	rejected application, test, fixture, API, visual, or governance evidence
api/word-lists/manifest.ts	golden-only	golden:amordle-pre-terminal-greenfield-golden-2026-07-26:api/word-lists/manifest.ts	90432d1f05645dd988c8ba4ec3dd739c917a06e8d4c7e1927c61f674e7aa0e3f	rejected application, test, fixture, API, visual, or governance evidence
eslint.config.js	remove	golden:amordle-pre-terminal-greenfield-golden-2026-07-26:eslint.config.js	c9a85c296a5f18b3d282c7122da65323ba44ebe53a0e198091ab59e408abd5e1	obsolete application/build machinery; recovery only
index.html	remove	golden:amordle-pre-terminal-greenfield-golden-2026-07-26:index.html	d7fed5ca56e84535a79fe8d7f2749027b51d0695180852d2347beaea682b3940	obsolete application/build machinery; recovery only
package.json	remove	golden:amordle-pre-terminal-greenfield-golden-2026-07-26:package.json	6f95665ea2998ac5066d46cbda71808762fff0095e3c21c3678bb5f5f7a6f948	obsolete application/build machinery; recovery only
planning/greenfield/AMORDLE-TERMINAL-GREENFIELD-INTAKE-2026-07-26.md	transform	bootstrap/PRODUCT-BRIEF.md;bootstrap/DECISION-LEDGER.md	257d5185498ed56113701bdd3c91528bd58bdce89ac5b12761cc77d4bea275a6	accepted decisions distilled; historical path retired
planning/product/AMORDLE-LICHESS-OF-WORDLE-IMPROVEMENT-BRIEF-2026-07-26.md	golden-only	golden:amordle-pre-terminal-greenfield-golden-2026-07-26:planning/product/AMORDLE-LICHESS-OF-WORDLE-IMPROVEMENT-BRIEF-2026-07-26.md	757bb6bfdd7cf13c0eb965e1f4cb0d611581736389586f3d570bd3211c311788	rejected application, test, fixture, API, visual, or governance evidence
playwright.config.ts	remove	golden:amordle-pre-terminal-greenfield-golden-2026-07-26:playwright.config.ts	b80e744d0e12db20c90c7c83f14f46571294800a552eb8d926fbf5e7ba15468b	obsolete application/build machinery; recovery only
pnpm-lock.yaml	remove	golden:amordle-pre-terminal-greenfield-golden-2026-07-26:pnpm-lock.yaml	10a2830c3ccabadc770c7d25492baafeb681aa66305a458bd5c9c39d7af47bb5	obsolete application/build machinery; recovery only
pnpm-workspace.yaml	remove	golden:amordle-pre-terminal-greenfield-golden-2026-07-26:pnpm-workspace.yaml	5395964a463c9c051cf7f3d132eaaeeba20a822d0a06bc0a457cebcfd829b8c8	obsolete application/build machinery; recovery only
public/assets/atmosphere-desktop.webp	golden-only	golden:amordle-pre-terminal-greenfield-golden-2026-07-26:public/assets/atmosphere-desktop.webp	f3d1ae50ac5673bd673a99a8114e0ebb69eee3238f0e5c1e75a6ece9b6934aa9	rejected application, test, fixture, API, visual, or governance evidence
public/assets/atmosphere-mobile.webp	golden-only	golden:amordle-pre-terminal-greenfield-golden-2026-07-26:public/assets/atmosphere-mobile.webp	701351cee9707a6c199c7d131c1bfd23fb232f0fe3f44edf87ccba610ebedcd3	rejected application, test, fixture, API, visual, or governance evidence
public/favicon.svg	golden-only	golden:amordle-pre-terminal-greenfield-golden-2026-07-26:public/favicon.svg	4cdaa58a38e102db47c6099ad9bc3c3b35b4a9ac2cce495287e7c6f5c2d1e7f1	rejected application, test, fixture, API, visual, or governance evidence
public/icon-192.png	golden-only	golden:amordle-pre-terminal-greenfield-golden-2026-07-26:public/icon-192.png	df1d8b9a24474b99d25d81021e134b58f291ad5ff8224a24c64b2ce0624594a6	rejected application, test, fixture, API, visual, or governance evidence
public/icon-512.png	golden-only	golden:amordle-pre-terminal-greenfield-golden-2026-07-26:public/icon-512.png	3210befdc671e8dc18d26b642d63d45770aa8cd03639d09739752305f30e8c9a	rejected application, test, fixture, API, visual, or governance evidence
public/word-lists/bundled/manifest.json	transform	bootstrap/source-data/word-lists/manifest.json	4dc7cd30e3972b94d4435096081ba3cfc0ca6fcd099e9971d2ce63d4b7382561	byte-preserved source data moved outside public web root
public/word-lists/bundled/words_length_10.json	transform	bootstrap/source-data/word-lists/words_length_10.json	c464b479fd63f05f826b170b7f0a783f4ebfedfccf3de2520fe205ec6dbdf924	byte-preserved source data moved outside public web root
public/word-lists/bundled/words_length_11.json	transform	bootstrap/source-data/word-lists/words_length_11.json	f7f8d333ebd2c93955ae4d28be519db4ea86628e074ba653dad7c6f9db4a9362	byte-preserved source data moved outside public web root
public/word-lists/bundled/words_length_12.json	transform	bootstrap/source-data/word-lists/words_length_12.json	43be6c20ac26926a38bbdcbcce5df798e18511d686415a79bc56d0768b08541b	byte-preserved source data moved outside public web root
public/word-lists/bundled/words_length_13.json	transform	bootstrap/source-data/word-lists/words_length_13.json	b870605e9e280a5dff6274197df7d8bd23df9189a79a74903119159245f80ba6	byte-preserved source data moved outside public web root
public/word-lists/bundled/words_length_14.json	transform	bootstrap/source-data/word-lists/words_length_14.json	feda4352a14741f055579c78d505e0cb131e6918bea7fb10fa113a0b6f0ec65a	byte-preserved source data moved outside public web root
public/word-lists/bundled/words_length_15.json	transform	bootstrap/source-data/word-lists/words_length_15.json	72aa20c955c3e67b31d3ba96514ccb2d249f5d3f062f1df68810da892020e6af	byte-preserved source data moved outside public web root
public/word-lists/bundled/words_length_16.json	transform	bootstrap/source-data/word-lists/words_length_16.json	cde30cf81440e41898266cbee3710231ed147f7ef33758e2307b05eb49cd54b9	byte-preserved source data moved outside public web root
public/word-lists/bundled/words_length_17.json	transform	bootstrap/source-data/word-lists/words_length_17.json	5faf1f70f5de03c42ed569ace7e06c0a478596a7755b357d51e35d7166095d1b	byte-preserved source data moved outside public web root
public/word-lists/bundled/words_length_18.json	transform	bootstrap/source-data/word-lists/words_length_18.json	b7dcfbe425c4c6cc0f85fe1ecad76521924372c4311fbcf9480e13572ab0c708	byte-preserved source data moved outside public web root
public/word-lists/bundled/words_length_19.json	transform	bootstrap/source-data/word-lists/words_length_19.json	c6527dc835776a22874592ff09261cb7c79b6ac96952b6fe60a5287213005d22	byte-preserved source data moved outside public web root
public/word-lists/bundled/words_length_2.json	transform	bootstrap/source-data/word-lists/words_length_2.json	45a011d8ae2b06d0c201be59e1138e3206f935793e582f00bc46dc892102a363	byte-preserved source data moved outside public web root
public/word-lists/bundled/words_length_20.json	transform	bootstrap/source-data/word-lists/words_length_20.json	ff138b61fe2b4e4d373d387ad60fe8aa9b2c0d49243446f196255ab1bef06250	byte-preserved source data moved outside public web root
public/word-lists/bundled/words_length_21.json	transform	bootstrap/source-data/word-lists/words_length_21.json	123d1de4531b3b9e3d001c96aff2d192639914be70e1d78c0fc68abc39e497ae	byte-preserved source data moved outside public web root
public/word-lists/bundled/words_length_22.json	transform	bootstrap/source-data/word-lists/words_length_22.json	642a284e9b215a3af565ae924870ccd21388e4d08db637c14306af0c4ab7358f	byte-preserved source data moved outside public web root
public/word-lists/bundled/words_length_23.json	transform	bootstrap/source-data/word-lists/words_length_23.json	1580c96bed0bdfb64f4b6f647209e3aececfe15743eab7b9232c89c8847dcbb8	byte-preserved source data moved outside public web root
public/word-lists/bundled/words_length_24.json	transform	bootstrap/source-data/word-lists/words_length_24.json	52eb8fb0de604cba503077b0bb253a02c39aee8761b072433e10271e4ab12e64	byte-preserved source data moved outside public web root
public/word-lists/bundled/words_length_25.json	transform	bootstrap/source-data/word-lists/words_length_25.json	c202bf3b00f754962df1f76921acf095b22d0076b9dbdc5e7baa51192307c2e3	byte-preserved source data moved outside public web root
public/word-lists/bundled/words_length_26.json	transform	bootstrap/source-data/word-lists/words_length_26.json	d4e83daccc817b9419ff91a3e341260d0c73f715575c27f39fff4cdf3febf8cf	byte-preserved source data moved outside public web root
public/word-lists/bundled/words_length_27.json	transform	bootstrap/source-data/word-lists/words_length_27.json	03f8f33ae15def423c0d41642e0d567d712457ef459a854a95ee3033d600f47f	byte-preserved source data moved outside public web root
public/word-lists/bundled/words_length_28.json	transform	bootstrap/source-data/word-lists/words_length_28.json	a2ebdbffd9ae3de6f6e1b27c478a22e06f96d6c43d72bf829120485d06309582	byte-preserved source data moved outside public web root
public/word-lists/bundled/words_length_29.json	transform	bootstrap/source-data/word-lists/words_length_29.json	329d12fef0f8c08802f2fe23d81194d8511a11147647f30ecebd81eef2aa4b63	byte-preserved source data moved outside public web root
public/word-lists/bundled/words_length_3.json	transform	bootstrap/source-data/word-lists/words_length_3.json	d4d14336cb2ec61833d6b6cf905b7342359a479194242fdb6ee96c2f9a27dbf3	byte-preserved source data moved outside public web root
public/word-lists/bundled/words_length_30.json	transform	bootstrap/source-data/word-lists/words_length_30.json	1f9ee33aa2d7fd808250ff82066eb44016541591667944bbfe50e85fe52733e8	byte-preserved source data moved outside public web root
public/word-lists/bundled/words_length_31.json	transform	bootstrap/source-data/word-lists/words_length_31.json	121bf604a0e0e62e074e9267aa58749625be08dc33e2bf3d106c1502db750f55	byte-preserved source data moved outside public web root
public/word-lists/bundled/words_length_32.json	transform	bootstrap/source-data/word-lists/words_length_32.json	9617806224e729cca6e6abe984fcaadb3788d42b87e11fcdb48636fec763e46c	byte-preserved source data moved outside public web root
public/word-lists/bundled/words_length_33.json	transform	bootstrap/source-data/word-lists/words_length_33.json	8139faf55bde1ae052385af5d54f5c1273380949a8d0c48f12e90df69ef1845c	byte-preserved source data moved outside public web root
public/word-lists/bundled/words_length_34.json	transform	bootstrap/source-data/word-lists/words_length_34.json	e49d5784edfcb9a9091b768d8e8a24d094d3d337d4e61cb42a063119b4c21ecb	byte-preserved source data moved outside public web root
public/word-lists/bundled/words_length_35.json	transform	bootstrap/source-data/word-lists/words_length_35.json	19cbb0bdc9eb67274f992bb96507578947133282b633f1249c04e4a0aff91301	byte-preserved source data moved outside public web root
public/word-lists/bundled/words_length_4.json	transform	bootstrap/source-data/word-lists/words_length_4.json	68eb0a0ce6f5ccee7c42366a25cb3b7696d83c16b2238fb4926707902cb77cd6	byte-preserved source data moved outside public web root
public/word-lists/bundled/words_length_5.json	transform	bootstrap/source-data/word-lists/words_length_5.json	f86ea8f09c2261f9d5b7e0495a004f2b55e90ffd225f2a742b1131a57fa415fb	byte-preserved source data moved outside public web root
public/word-lists/bundled/words_length_6.json	transform	bootstrap/source-data/word-lists/words_length_6.json	576a396289de47ccbd3863d6597feaccc610d4abfbd7e09ae68f0aeb073ea793	byte-preserved source data moved outside public web root
public/word-lists/bundled/words_length_7.json	transform	bootstrap/source-data/word-lists/words_length_7.json	28b944107b3759e649ac291ed423eb75254c525061eb63c63ca3a4dc7541cfe5	byte-preserved source data moved outside public web root
public/word-lists/bundled/words_length_8.json	transform	bootstrap/source-data/word-lists/words_length_8.json	496c4300d7513a09f0ab28abaf8bf35074f475523131dcb27ae3737c4b2ebe49	byte-preserved source data moved outside public web root
public/word-lists/bundled/words_length_9.json	transform	bootstrap/source-data/word-lists/words_length_9.json	017e6d3afe713b7100af613376f3cdd92ad848f57b1809cb9c46801c7589750d	byte-preserved source data moved outside public web root
quality/checkpoint-1-visual-comparison.md	golden-only	golden:amordle-pre-terminal-greenfield-golden-2026-07-26:quality/checkpoint-1-visual-comparison.md	7e598bd6797a491f573b13be0c06d2fbd9ad1675bfd2c29a8222a3a869c5ee36	rejected application, test, fixture, API, visual, or governance evidence
quality/checkpoint-2-visual-comparison.md	golden-only	golden:amordle-pre-terminal-greenfield-golden-2026-07-26:quality/checkpoint-2-visual-comparison.md	ffe999b073a0fb3c7414fcc937ba8e46c57a925dfa473f2de611ca36d7dea9b6	rejected application, test, fixture, API, visual, or governance evidence
quality/existing-backend-preview-visual-comparison.md	golden-only	golden:amordle-pre-terminal-greenfield-golden-2026-07-26:quality/existing-backend-preview-visual-comparison.md	f1bb698d4c2a5b406548bdef8e061e80b203e835c5d7e7900cc54ab8f30fdf4c	rejected application, test, fixture, API, visual, or governance evidence
quality/full-shell-multiplayer-parity-visual-comparison.md	golden-only	golden:amordle-pre-terminal-greenfield-golden-2026-07-26:quality/full-shell-multiplayer-parity-visual-comparison.md	1a2e64dac81d5f6a0868e6c296f6792e8d7b792e5a2e79b9d7e655521e1fc3c8	rejected application, test, fixture, API, visual, or governance evidence
quality/shell-parity-registry.json	golden-only	golden:amordle-pre-terminal-greenfield-golden-2026-07-26:quality/shell-parity-registry.json	f6a4eb157b84fc86790815ffb9d99f5accfb8134d5650881e09b52fca6a47ed3	rejected application, test, fixture, API, visual, or governance evidence
scripts/check-build.mjs	remove	golden:amordle-pre-terminal-greenfield-golden-2026-07-26:scripts/check-build.mjs	f452d346916913d9376feea42c5b0f58596ea653ca4beace8ddae45d5ed08536	obsolete application/build machinery; recovery only
scripts/generate-authoritative-word-catalog.mjs	remove	golden:amordle-pre-terminal-greenfield-golden-2026-07-26:scripts/generate-authoritative-word-catalog.mjs	b2b66d4900a52e059e840a7aaaf0dc499f64a3962d798d58225bded92577a2ea	obsolete application/build machinery; recovery only
scripts/require-preview-environment.mjs	remove	golden:amordle-pre-terminal-greenfield-golden-2026-07-26:scripts/require-preview-environment.mjs	5d00dd8979245afe849743ac290ac22535ba6a85f11028b62378a0f327a0aad4	obsolete application/build machinery; recovery only
scripts/require-rc-environment.mjs	remove	golden:amordle-pre-terminal-greenfield-golden-2026-07-26:scripts/require-rc-environment.mjs	8274b7b0623167765aa17233a9ac33f313dd43ac39852291ee4e60d53581f2fe	obsolete application/build machinery; recovery only
scripts/scan-boundaries.mjs	remove	golden:amordle-pre-terminal-greenfield-golden-2026-07-26:scripts/scan-boundaries.mjs	cd3d8106696fad8815023bb549928ee0fdea07a1390b273122a93ff989e702df	obsolete application/build machinery; recovery only
scripts/service-check-env.mjs	remove	golden:amordle-pre-terminal-greenfield-golden-2026-07-26:scripts/service-check-env.mjs	c1d27d827a9ea4694600e864f620c902a91c322b87fd92195720d487ec8539e9	obsolete application/build machinery; recovery only
scripts/sync-bundled-word-lists.mjs	remove	golden:amordle-pre-terminal-greenfield-golden-2026-07-26:scripts/sync-bundled-word-lists.mjs	e2465a591a4e7c341b4e1a14031306e603008c77818df6124d9731bfad460822	obsolete application/build machinery; recovery only
scripts/verify-migrations.mjs	remove	golden:amordle-pre-terminal-greenfield-golden-2026-07-26:scripts/verify-migrations.mjs	00ffbe84778d6cdc4d01f91eda69c3ee42f4641c2bd4bee3a9965f0b85b02027	obsolete application/build machinery; recovery only
scripts/verify-parity-registry.mjs	remove	golden:amordle-pre-terminal-greenfield-golden-2026-07-26:scripts/verify-parity-registry.mjs	08e2541c06d644bef9e1fd0d4fd74da58f8d179def024ad3a428911366ba473d	obsolete application/build machinery; recovery only
scripts/verify-preview-parity.mjs	remove	golden:amordle-pre-terminal-greenfield-golden-2026-07-26:scripts/verify-preview-parity.mjs	0d78adcd73976f7f622a16b227c5da1622f15bdec0266800fbd8e7ceea18ebd6	obsolete application/build machinery; recovery only
src/app/AppShell.tsx	golden-only	golden:amordle-pre-terminal-greenfield-golden-2026-07-26:src/app/AppShell.tsx	4ce7893429ae064a79e10ca86e81da909e6d2f3910823f7d74afaaad8580f685	rejected application, test, fixture, API, visual, or governance evidence
src/app/AuthContext.tsx	golden-only	golden:amordle-pre-terminal-greenfield-golden-2026-07-26:src/app/AuthContext.tsx	46a01b8bc62c075a6035f584a2b5d851a3eee0551171601c9ad1137080d1b49c	rejected application, test, fixture, API, visual, or governance evidence
src/app/LegacyRedirect.tsx	golden-only	golden:amordle-pre-terminal-greenfield-golden-2026-07-26:src/app/LegacyRedirect.tsx	e295a9bfa87ea16a8efa90ce9d1c8936ad543f6c67de13b7d62860bffa42a06c	rejected application, test, fixture, API, visual, or governance evidence
src/app/PlayerStateProvider.tsx	golden-only	golden:amordle-pre-terminal-greenfield-golden-2026-07-26:src/app/PlayerStateProvider.tsx	1aa8b54a4b6f0bc9f82a04ec61add00c8d8c61bfc8dd9a0986c2dbe5a66466dd	rejected application, test, fixture, API, visual, or governance evidence
src/app/RuntimeProviders.tsx	golden-only	golden:amordle-pre-terminal-greenfield-golden-2026-07-26:src/app/RuntimeProviders.tsx	e76e2a4cfefe4014cf4a0ab64b8795fc9fde650e7c9f114fb673433dd80abed1	rejected application, test, fixture, API, visual, or governance evidence
src/app/RuntimeStatusPanel.tsx	golden-only	golden:amordle-pre-terminal-greenfield-golden-2026-07-26:src/app/RuntimeStatusPanel.tsx	d9d250f2467854f1d9726f90cb7f6eb00b80b7119bfab576fee5c90f73e3a587	rejected application, test, fixture, API, visual, or governance evidence
src/app/auth-context.ts	golden-only	golden:amordle-pre-terminal-greenfield-golden-2026-07-26:src/app/auth-context.ts	0148848267fd0557554fdf4a510f71bbc597ef37d20537ef17b3dc61f8167a85	rejected application, test, fixture, API, visual, or governance evidence
src/app/conceptCoverage.ts	golden-only	golden:amordle-pre-terminal-greenfield-golden-2026-07-26:src/app/conceptCoverage.ts	a1f3e198f80469ed479482e8b18e0766942274670863514d7908ae39750f922b	rejected application, test, fixture, API, visual, or governance evidence
src/app/player-state-context.ts	golden-only	golden:amordle-pre-terminal-greenfield-golden-2026-07-26:src/app/player-state-context.ts	6963a9ff98d6976386745d19073c23b853653be1c7fb03a892bf75098373b506	rejected application, test, fixture, API, visual, or governance evidence
src/app/router.tsx	golden-only	golden:amordle-pre-terminal-greenfield-golden-2026-07-26:src/app/router.tsx	549db0b5e30211d510e8dad8db3d7b24db67b2880c2258bef56ff8e88038c2bf	rejected application, test, fixture, API, visual, or governance evidence
src/components/Button.tsx	golden-only	golden:amordle-pre-terminal-greenfield-golden-2026-07-26:src/components/Button.tsx	385e6c4899006490e6723be60c478d155b6e0cce7eb4f8951ad3892c1a2abc23	rejected application, test, fixture, API, visual, or governance evidence
src/components/Disclosure.tsx	golden-only	golden:amordle-pre-terminal-greenfield-golden-2026-07-26:src/components/Disclosure.tsx	562a554948ed00e5c16c6f1a5ff4bc6c942600aa9c2e498810dc3ab6c51a2d49	rejected application, test, fixture, API, visual, or governance evidence
src/components/GameBoard.tsx	golden-only	golden:amordle-pre-terminal-greenfield-golden-2026-07-26:src/components/GameBoard.tsx	352b7b6aeffea63259a52422d4762fac735e8095c7a2e358080efa943819ad60	rejected application, test, fixture, API, visual, or governance evidence
src/components/Icon.tsx	golden-only	golden:amordle-pre-terminal-greenfield-golden-2026-07-26:src/components/Icon.tsx	3d4c853425325cf597d99e16ac24be248aa17fb56c038492a1bafb2ee7ffde94	rejected application, test, fixture, API, visual, or governance evidence
src/components/Surface.tsx	golden-only	golden:amordle-pre-terminal-greenfield-golden-2026-07-26:src/components/Surface.tsx	fd63323aa247fe2a9746fd8e05d1164f05994b6234fc1e52a5bab33c4c1bf8cb	rejected application, test, fixture, API, visual, or governance evidence
src/components/gameBoardData.ts	golden-only	golden:amordle-pre-terminal-greenfield-golden-2026-07-26:src/components/gameBoardData.ts	a8ec5d588ba4040f0f075a711d96992d0795fad9795d9748ee7efb79fcb9ccbb	rejected application, test, fixture, API, visual, or governance evidence
src/components/keyboard/Keyboard.module.css	golden-only	golden:amordle-pre-terminal-greenfield-golden-2026-07-26:src/components/keyboard/Keyboard.module.css	6918b43a03422a761ee891e258e6829580092f7dcf76a0c5084092e47a9dcfbe	rejected application, test, fixture, API, visual, or governance evidence
src/components/keyboard/Keyboard.tsx	golden-only	golden:amordle-pre-terminal-greenfield-golden-2026-07-26:src/components/keyboard/Keyboard.tsx	7c1bf27dc987d8c852018a6d2fba3a03effec8b698bf4c614200c903dbec17fb	rejected application, test, fixture, API, visual, or governance evidence
src/components/keyboard/keyboard-model.ts	golden-only	golden:amordle-pre-terminal-greenfield-golden-2026-07-26:src/components/keyboard/keyboard-model.ts	b69afa1f8f3171878369fba92929c74c7cb0a94a112232d226543f1fa21c113f	rejected application, test, fixture, API, visual, or governance evidence
src/components/keyboard/keyboard-theme.ts	golden-only	golden:amordle-pre-terminal-greenfield-golden-2026-07-26:src/components/keyboard/keyboard-theme.ts	aebc7996dd313cd292ace6d4c5e89c9947aa1ef63a5a8b7603811ada03f55df0	rejected application, test, fixture, API, visual, or governance evidence
src/components/keyboard/useKeyboardInput.ts	golden-only	golden:amordle-pre-terminal-greenfield-golden-2026-07-26:src/components/keyboard/useKeyboardInput.ts	3dfe8ac7c4cdbb90c9294e2170ebee58ad13807425f004948163480226721b2a	rejected application, test, fixture, API, visual, or governance evidence
src/domain/combat-presentation.ts	golden-only	golden:amordle-pre-terminal-greenfield-golden-2026-07-26:src/domain/combat-presentation.ts	1bce9b81cb85c20ff519efad0b8a92baae4ebf07bcdbb1420ba4dd548f106341	rejected application, test, fixture, API, visual, or governance evidence
src/domain/combat.ts	golden-only	golden:amordle-pre-terminal-greenfield-golden-2026-07-26:src/domain/combat.ts	1565588eb32729f27cdfccc53ee77f0b35fa288cd33636b04c04594a8b715ed6	rejected application, test, fixture, API, visual, or governance evidence
src/domain/daily.ts	golden-only	golden:amordle-pre-terminal-greenfield-golden-2026-07-26:src/domain/daily.ts	892e0d49a875b07483ecd259efed8f61a7e6b1d59ef8638951015246174d6c58	rejected application, test, fixture, API, visual, or governance evidence
src/domain/economy.ts	golden-only	golden:amordle-pre-terminal-greenfield-golden-2026-07-26:src/domain/economy.ts	a6179b4f15957119c718d21a448e380ca8297233e6b21204e18cbd15ca926b72	rejected application, test, fixture, API, visual, or governance evidence
src/domain/game.ts	golden-only	golden:amordle-pre-terminal-greenfield-golden-2026-07-26:src/domain/game.ts	d335ffe774ce1f8377f1a744aff1baa0604d7e00e1255e4bafb9b7ac5b6b1869	rejected application, test, fixture, API, visual, or governance evidence
src/domain/go.ts	golden-only	golden:amordle-pre-terminal-greenfield-golden-2026-07-26:src/domain/go.ts	13fff77520a3313144089af10dec388679fba8980e94d914938681ee5d727f15	rejected application, test, fixture, API, visual, or governance evidence
src/domain/practice-combat-preview.ts	golden-only	golden:amordle-pre-terminal-greenfield-golden-2026-07-26:src/domain/practice-combat-preview.ts	0d21cca42d7edc4b1db3394a28866ea27300aaf6c98f32bc514b3446058d242a	rejected application, test, fixture, API, visual, or governance evidence
src/domain/progression.ts	golden-only	golden:amordle-pre-terminal-greenfield-golden-2026-07-26:src/domain/progression.ts	02f92ee67b77769f8a785b241522325cdbe4e74830b5be495c0bc0e43426468a	rejected application, test, fixture, API, visual, or governance evidence
src/domain/solo-completion-ledger.ts	golden-only	golden:amordle-pre-terminal-greenfield-golden-2026-07-26:src/domain/solo-completion-ledger.ts	b625aaf09466cc283ab7f9e6dcddae9b685141aa2228dec95f8513119a68cad3	rejected application, test, fixture, API, visual, or governance evidence
src/domain/solo-results.ts	golden-only	golden:amordle-pre-terminal-greenfield-golden-2026-07-26:src/domain/solo-results.ts	84ade76c129e2eae4868516922eea72fa874b03c007093f12afde405e888c3a5	rejected application, test, fixture, API, visual, or governance evidence
src/domain/words.ts	golden-only	golden:amordle-pre-terminal-greenfield-golden-2026-07-26:src/domain/words.ts	aa86a9be6a22ef2bd0f835f85a8bb991d6833ded125e70d2820dc8b78e6441e3	rejected application, test, fixture, API, visual, or governance evidence
src/features/admin/AdminPage.tsx	golden-only	golden:amordle-pre-terminal-greenfield-golden-2026-07-26:src/features/admin/AdminPage.tsx	8b499b7a6f866b3c75c3733ebd29a61ba12e0bacc56f5fccf06d974493b6cfb5	rejected application, test, fixture, API, visual, or governance evidence
src/features/calendar/CalendarPage.tsx	golden-only	golden:amordle-pre-terminal-greenfield-golden-2026-07-26:src/features/calendar/CalendarPage.tsx	030d8563297de06d0ec06a0d1ae269b7afc820ae7a778694584442a4ca278357	rejected application, test, fixture, API, visual, or governance evidence
src/features/combat/CombatMatchPage.tsx	golden-only	golden:amordle-pre-terminal-greenfield-golden-2026-07-26:src/features/combat/CombatMatchPage.tsx	c1cab2388a02a45465a76d9f41fba9ff0405b2ca07679102e3b5d5e2b0c98136	rejected application, test, fixture, API, visual, or governance evidence
src/features/combat/CombatPage.tsx	golden-only	golden:amordle-pre-terminal-greenfield-golden-2026-07-26:src/features/combat/CombatPage.tsx	0e595a9dea1c8455fac647ceb8a5ea9d83fafef11536152b86eed2d2d98e1192	rejected application, test, fixture, API, visual, or governance evidence
src/features/combat/components/CombatLobbyPanel.tsx	golden-only	golden:amordle-pre-terminal-greenfield-golden-2026-07-26:src/features/combat/components/CombatLobbyPanel.tsx	c9925c7f71ab5b4e5ccefe6be691644caf755e12f78bac2495f85bf682ec7de4	rejected application, test, fixture, API, visual, or governance evidence
src/features/combat/components/CombatParticipantHeader.tsx	golden-only	golden:amordle-pre-terminal-greenfield-golden-2026-07-26:src/features/combat/components/CombatParticipantHeader.tsx	6dd2f4413eec5fcf932fd55b8e23c50c04fb847c7c844bcefdf20150e0fae4c2	rejected application, test, fixture, API, visual, or governance evidence
src/features/combat/components/CombatPreview.module.css	golden-only	golden:amordle-pre-terminal-greenfield-golden-2026-07-26:src/features/combat/components/CombatPreview.module.css	91b569ae9923a8e51644ef482a38ad09c8d1ad6494d411fc3dd540823c2b667b	rejected application, test, fixture, API, visual, or governance evidence
src/features/combat/components/CombatSharedActorBoard.tsx	golden-only	golden:amordle-pre-terminal-greenfield-golden-2026-07-26:src/features/combat/components/CombatSharedActorBoard.tsx	810355d8a419bd568183bb6297c6350aa845cf27247c60389cd72f2dadc9570e	rejected application, test, fixture, API, visual, or governance evidence
src/features/combat/components/CombatTerminalResultPanel.tsx	golden-only	golden:amordle-pre-terminal-greenfield-golden-2026-07-26:src/features/combat/components/CombatTerminalResultPanel.tsx	6c6d95ae3f468c2891c12fb17f011a57b1a50f717625cb7838f4c53396f85770	rejected application, test, fixture, API, visual, or governance evidence
src/features/combat/components/CombatUnavailablePanel.tsx	golden-only	golden:amordle-pre-terminal-greenfield-golden-2026-07-26:src/features/combat/components/CombatUnavailablePanel.tsx	6f9f9a53d8f1766b739ff4fa2e34ac442335b8fa257ca6603b421701a452e85e	rejected application, test, fixture, API, visual, or governance evidence
src/features/combat/components/combat-preview-types.ts	golden-only	golden:amordle-pre-terminal-greenfield-golden-2026-07-26:src/features/combat/components/combat-preview-types.ts	f69bb81a4e91b657325bdbc9a80347bff617d8c64beb4b394ae591be21debafc	rejected application, test, fixture, API, visual, or governance evidence
src/features/combat/components/index.ts	golden-only	golden:amordle-pre-terminal-greenfield-golden-2026-07-26:src/features/combat/components/index.ts	aed65fec4a1ed80a5e40ab0818ec8f6797001dc97204bbbc3baa057cdd5752ef	rejected application, test, fixture, API, visual, or governance evidence
src/features/combat/player-copy.ts	golden-only	golden:amordle-pre-terminal-greenfield-golden-2026-07-26:src/features/combat/player-copy.ts	23ec6931b36a9dd48769f0171b75aff8654904ab9896f85bf79a325fff209559	rejected application, test, fixture, API, visual, or governance evidence
src/features/combat/ranked-search-controller.ts	golden-only	golden:amordle-pre-terminal-greenfield-golden-2026-07-26:src/features/combat/ranked-search-controller.ts	1a0a69600a905cfee8c57b1f3ee8c256960e0671e5d1f96705f4bb22554e26af	rejected application, test, fixture, API, visual, or governance evidence
src/features/combat/useAuthoritativeCombatMatch.ts	golden-only	golden:amordle-pre-terminal-greenfield-golden-2026-07-26:src/features/combat/useAuthoritativeCombatMatch.ts	fca6107caa49fcc0b418e63403c99904ed24a9d87c59a092053c909624d1e307	rejected application, test, fixture, API, visual, or governance evidence
src/features/combat/usePracticeCombatMatch.ts	golden-only	golden:amordle-pre-terminal-greenfield-golden-2026-07-26:src/features/combat/usePracticeCombatMatch.ts	457dac40f863f5410d38fc78625ba1186db4dd63a2fe3133d64609e6e1970194	rejected application, test, fixture, API, visual, or governance evidence
src/features/combat/useRankedDailyCombatMatch.ts	golden-only	golden:amordle-pre-terminal-greenfield-golden-2026-07-26:src/features/combat/useRankedDailyCombatMatch.ts	7c609493b1522e29b4da9d32179d1fc24da5cedffc52ab19f4fc80f2739176a8	rejected application, test, fixture, API, visual, or governance evidence
src/features/home/HomePage.tsx	golden-only	golden:amordle-pre-terminal-greenfield-golden-2026-07-26:src/features/home/HomePage.tsx	80d1057b1ef076b8a11ed54dde2d02465a6fc0ade5ab71cbe50b4799c855e5fe	rejected application, test, fixture, API, visual, or governance evidence
src/features/more/MorePages.tsx	golden-only	golden:amordle-pre-terminal-greenfield-golden-2026-07-26:src/features/more/MorePages.tsx	f994657a5f52862844da1bc99e9a43c41bda97849cbeca1e66ef40a810bafbb1	rejected application, test, fixture, API, visual, or governance evidence
src/features/play/PlayPage.tsx	golden-only	golden:amordle-pre-terminal-greenfield-golden-2026-07-26:src/features/play/PlayPage.tsx	ebd358d65c87000fcbb148edd2971aa01ad937bd7725563e8b7d92d60b8fc2c2	rejected application, test, fixture, API, visual, or governance evidence
src/features/play/SoloGamePage.tsx	golden-only	golden:amordle-pre-terminal-greenfield-golden-2026-07-26:src/features/play/SoloGamePage.tsx	0961fc99f615de295e92cf64beab8814bb3b6c1c4d36380349969009ec15215b	rejected application, test, fixture, API, visual, or governance evidence
src/features/play/legacy-go-restart-coordinator.ts	golden-only	golden:amordle-pre-terminal-greenfield-golden-2026-07-26:src/features/play/legacy-go-restart-coordinator.ts	c57b4ffcb9b643579e999bab3d6701b11bfde11afb49640389900bd71e6b863b	rejected application, test, fixture, API, visual, or governance evidence
src/features/play/practice-generation-repository.ts	golden-only	golden:amordle-pre-terminal-greenfield-golden-2026-07-26:src/features/play/practice-generation-repository.ts	30a41074351868dc5c3ffe9cc479df6b097434a5c64899ce2d4ec48d9ff4fb5b	rejected application, test, fixture, API, visual, or governance evidence
src/features/play/solo-completion-coordinator.ts	golden-only	golden:amordle-pre-terminal-greenfield-golden-2026-07-26:src/features/play/solo-completion-coordinator.ts	710e0502f6fe6cfeb6d292fe3d1f3db24afbac868438a5804591051a6a6b208b	rejected application, test, fixture, API, visual, or governance evidence
src/features/play/solo-consumable-intent.ts	golden-only	golden:amordle-pre-terminal-greenfield-golden-2026-07-26:src/features/play/solo-consumable-intent.ts	ee2b921febf159aba2ce0801c0e6abebae272f0d67e1d93a3a887f65719eacde	rejected application, test, fixture, API, visual, or governance evidence
src/features/play/solo-continuation-intent.ts	golden-only	golden:amordle-pre-terminal-greenfield-golden-2026-07-26:src/features/play/solo-continuation-intent.ts	6d9794d4e933c316dc54573a0c331c4e9b80c5ffa9bd34e103f22b8e5cd670e1	rejected application, test, fixture, API, visual, or governance evidence
src/features/play/solo-history-repository.ts	golden-only	golden:amordle-pre-terminal-greenfield-golden-2026-07-26:src/features/play/solo-history-repository.ts	3f7a09c702bbcb711252b0ad016d06abcd99edcb4bc3259df119e533108bcbea	rejected application, test, fixture, API, visual, or governance evidence
src/features/play/solo-launch.ts	golden-only	golden:amordle-pre-terminal-greenfield-golden-2026-07-26:src/features/play/solo-launch.ts	25bc23b99c885225c55cbe151641c15c1049dedca11ffc8a23dee19b5f07e83f	rejected application, test, fixture, API, visual, or governance evidence
src/features/play/solo-session-cloud.ts	golden-only	golden:amordle-pre-terminal-greenfield-golden-2026-07-26:src/features/play/solo-session-cloud.ts	242d7cc208d261c19890505f705ba1a617fb51f0c1ee2948a004677506d1c993	rejected application, test, fixture, API, visual, or governance evidence
src/features/play/solo-session-repository.ts	golden-only	golden:amordle-pre-terminal-greenfield-golden-2026-07-26:src/features/play/solo-session-repository.ts	16710502636c892353580f3e28764f8ee4ada580735b055ee3bf0f4c2c38c430	rejected application, test, fixture, API, visual, or governance evidence
src/features/supporting/local-solo-projections.ts	golden-only	golden:amordle-pre-terminal-greenfield-golden-2026-07-26:src/features/supporting/local-solo-projections.ts	9cec3d4d8a5e0b23c48e898030a85be8fae709aa1b507f6cbfb0bc7375093494	rejected application, test, fixture, API, visual, or governance evidence
src/features/supporting/notification-repository.ts	golden-only	golden:amordle-pre-terminal-greenfield-golden-2026-07-26:src/features/supporting/notification-repository.ts	722984ef7f3d9745835560446c066d22004c5de8b7bb592e846e5c7cce3535c0	rejected application, test, fixture, API, visual, or governance evidence
src/features/supporting/use-notification-projection.ts	golden-only	golden:amordle-pre-terminal-greenfield-golden-2026-07-26:src/features/supporting/use-notification-projection.ts	f474c12bdef3d59fe672a32e25da751ddac50c42c0bac2dad2b22c3205502bcb	rejected application, test, fixture, API, visual, or governance evidence
src/features/system/NotFoundPage.tsx	golden-only	golden:amordle-pre-terminal-greenfield-golden-2026-07-26:src/features/system/NotFoundPage.tsx	a8058de47b9011e706509cd588c32e8aaff545b32f65715a814b96c3a9df8504	rejected application, test, fixture, API, visual, or governance evidence
src/lib/supabase-browser.ts	golden-only	golden:amordle-pre-terminal-greenfield-golden-2026-07-26:src/lib/supabase-browser.ts	650c1e1686c0ba85b8855fd88778ae542a9bf9481f6f2c736fe40b525eca834f	rejected application, test, fixture, API, visual, or governance evidence
src/main.tsx	golden-only	golden:amordle-pre-terminal-greenfield-golden-2026-07-26:src/main.tsx	0fb4d331c7c0011c91c82b12db2babf386deb67b8d2183d3af782d4db9f81978	rejected application, test, fixture, API, visual, or governance evidence
src/persistence/durable-state-coordinator.ts	golden-only	golden:amordle-pre-terminal-greenfield-golden-2026-07-26:src/persistence/durable-state-coordinator.ts	03a0a9c0e6475e2058a800af06d214b19e8b33bdb23df2c4522d8ca3b401555c	rejected application, test, fixture, API, visual, or governance evidence
src/persistence/local-repository.ts	golden-only	golden:amordle-pre-terminal-greenfield-golden-2026-07-26:src/persistence/local-repository.ts	7e61441b9ff159c9b3000cdc1b616fc3053d11e11e8aaa27c06d04c4da82f3d5	rejected application, test, fixture, API, visual, or governance evidence
src/services/account-hydration.ts	golden-only	golden:amordle-pre-terminal-greenfield-golden-2026-07-26:src/services/account-hydration.ts	bd4dac869bdb0e5ebc3f8b13e339d6125b710ede56bb0d2f2392685054e4ecd5	rejected application, test, fixture, API, visual, or governance evidence
src/services/account-repository.ts	golden-only	golden:amordle-pre-terminal-greenfield-golden-2026-07-26:src/services/account-repository.ts	c138ab0a9944f1d3a69b69eff1be961a07330a6ac489b9c20f74f961e45a8f34	rejected application, test, fixture, API, visual, or governance evidence
src/services/auth-service.ts	golden-only	golden:amordle-pre-terminal-greenfield-golden-2026-07-26:src/services/auth-service.ts	b796b5d386786cb0b7ddda2513c9f1a3ec3df3ded9274944fff649d05b1297b3	rejected application, test, fixture, API, visual, or governance evidence
src/services/authoritative-combat-repository.ts	golden-only	golden:amordle-pre-terminal-greenfield-golden-2026-07-26:src/services/authoritative-combat-repository.ts	1322517625e28dada6bbdc9f6a41b091fe1cfe5dff2da74401719dfd9f0c0551	rejected application, test, fixture, API, visual, or governance evidence
src/services/combat-command-failure.ts	golden-only	golden:amordle-pre-terminal-greenfield-golden-2026-07-26:src/services/combat-command-failure.ts	01fe4681733e3ae9e568210ad07d11cfcbf89f74ba8217ce6c45fe26a4f09f62	rejected application, test, fixture, API, visual, or governance evidence
src/services/combat-history.ts	golden-only	golden:amordle-pre-terminal-greenfield-golden-2026-07-26:src/services/combat-history.ts	ff49d8fa505894892d10fca43b020aef16ef2d773d3315ee2ab27d57d3890375	rejected application, test, fixture, API, visual, or governance evidence
src/services/combat-live-repository.ts	golden-only	golden:amordle-pre-terminal-greenfield-golden-2026-07-26:src/services/combat-live-repository.ts	e1dbbcfe311d82714768c0256834856a594789b1167249f53a2c8efbd4177e76	rejected application, test, fixture, API, visual, or governance evidence
src/services/combat-participant-identity.ts	golden-only	golden:amordle-pre-terminal-greenfield-golden-2026-07-26:src/services/combat-participant-identity.ts	f2127ccd5c020ff22216157ac464098e28567bebc0311f0c4ad7c7c3431f1158	rejected application, test, fixture, API, visual, or governance evidence
src/services/combat-preview-projections.ts	golden-only	golden:amordle-pre-terminal-greenfield-golden-2026-07-26:src/services/combat-preview-projections.ts	7c213774e89bad404aa2a7f0e8bb575d9f5c393c241794586d593066fc3febde	rejected application, test, fixture, API, visual, or governance evidence
src/services/combat-preview-repository.ts	golden-only	golden:amordle-pre-terminal-greenfield-golden-2026-07-26:src/services/combat-preview-repository.ts	758c023dc6e5f55461074f5970e7e8846a9d71d50ce856cab7e638f46de54e3b	rejected application, test, fixture, API, visual, or governance evidence
src/services/combat-repository.ts	golden-only	golden:amordle-pre-terminal-greenfield-golden-2026-07-26:src/services/combat-repository.ts	7172359349bbbdd30153add555169cc91df310207a40710b3b97ca7dfec48319	rejected application, test, fixture, API, visual, or governance evidence
src/services/economy-repository.ts	golden-only	golden:amordle-pre-terminal-greenfield-golden-2026-07-26:src/services/economy-repository.ts	6215bb6a6b12c4687eeb04c594f6a08ed60d4fe567bc91a8e00ab1d5d8275fe1	rejected application, test, fixture, API, visual, or governance evidence
src/services/identity-transition-machine.ts	golden-only	golden:amordle-pre-terminal-greenfield-golden-2026-07-26:src/services/identity-transition-machine.ts	5cceebf9057ba4ae382caac671689a5758b645737052624ba9d079bb33374705	rejected application, test, fixture, API, visual, or governance evidence
src/services/manifest-service.ts	golden-only	golden:amordle-pre-terminal-greenfield-golden-2026-07-26:src/services/manifest-service.ts	0f7c7d58bd9bf5cabc79aef40501da2aba7bfe9248cb49640c361965dd18c426	rejected application, test, fixture, API, visual, or governance evidence
src/services/pending-daily-lobby.ts	golden-only	golden:amordle-pre-terminal-greenfield-golden-2026-07-26:src/services/pending-daily-lobby.ts	30a62aa5666d7134c01213543de5b1562b7f0cdd3ad41d00b0555047df25a8cf	rejected application, test, fixture, API, visual, or governance evidence
src/services/pending-practice-lobby.ts	golden-only	golden:amordle-pre-terminal-greenfield-golden-2026-07-26:src/services/pending-practice-lobby.ts	11a751ffc9b8609077f230bf6d0e70daab5c85ee40e1ec0bda2d71026cc9ef3a	rejected application, test, fixture, API, visual, or governance evidence
src/services/pending-ranked-daily.ts	golden-only	golden:amordle-pre-terminal-greenfield-golden-2026-07-26:src/services/pending-ranked-daily.ts	9a5b7e74a559d642e2c113b96f17beeb4207d3b4c51199a2329f2f63eaa15189	rejected application, test, fixture, API, visual, or governance evidence
src/services/pending-ranked-practice.ts	golden-only	golden:amordle-pre-terminal-greenfield-golden-2026-07-26:src/services/pending-ranked-practice.ts	2fec67283eb9cca7e030b69bc63c65eae47a9cd0e2403a613530a0442802fc66	rejected application, test, fixture, API, visual, or governance evidence
src/services/postgres-timestamp.ts	golden-only	golden:amordle-pre-terminal-greenfield-golden-2026-07-26:src/services/postgres-timestamp.ts	52175266cb2f0600d1b68581076e6e6ddad90e4023846a18e09469238406d85c	rejected application, test, fixture, API, visual, or governance evidence
src/services/practice-combat-transport.ts	golden-only	golden:amordle-pre-terminal-greenfield-golden-2026-07-26:src/services/practice-combat-transport.ts	bb05de83b487f4fd713ba5b9bd4fa9555a555ea4bd5efdea299ad0672cb3510c	rejected application, test, fixture, API, visual, or governance evidence
src/services/private-request-repository.ts	golden-only	golden:amordle-pre-terminal-greenfield-golden-2026-07-26:src/services/private-request-repository.ts	939351b1c4e4d5f82a431b602751968019c8a513ee810e5b8fd0ebcbf1a62401	rejected application, test, fixture, API, visual, or governance evidence
src/services/public-repository.ts	golden-only	golden:amordle-pre-terminal-greenfield-golden-2026-07-26:src/services/public-repository.ts	bdfd124d1fd4d71d4a371bed25c7730b0f73fa722547ede6e0433da5c270b35c	rejected application, test, fixture, API, visual, or governance evidence
src/services/realtime-reconciler.ts	golden-only	golden:amordle-pre-terminal-greenfield-golden-2026-07-26:src/services/realtime-reconciler.ts	d3bc48771da0bda6d8c75a29bcd0aa9402f19c1223115c966fbf46f593e7d730	rejected application, test, fixture, API, visual, or governance evidence
src/services/service-error.ts	golden-only	golden:amordle-pre-terminal-greenfield-golden-2026-07-26:src/services/service-error.ts	29300b1615e94836662028c52e5da45e1cfb831c1e7eef88b36a90d445c2334b	rejected application, test, fixture, API, visual, or governance evidence
src/services/settings-repository.ts	golden-only	golden:amordle-pre-terminal-greenfield-golden-2026-07-26:src/services/settings-repository.ts	11a68c50e64f5209308a3c1fccb03b74247e43172146f02f051ff2b098fb9f74	rejected application, test, fixture, API, visual, or governance evidence
src/services/solo-cloud-repository.ts	golden-only	golden:amordle-pre-terminal-greenfield-golden-2026-07-26:src/services/solo-cloud-repository.ts	822ea2fe4fb3055ea87c2bdd74727670a3aa4381cdbf65bef74e1bbf05f625c1	rejected application, test, fixture, API, visual, or governance evidence
src/services/sound-controller.ts	golden-only	golden:amordle-pre-terminal-greenfield-golden-2026-07-26:src/services/sound-controller.ts	66793dc2a0b1dcf844bc748258a2e68da1aa503021968e7322b892edfb4e3897	rejected application, test, fixture, API, visual, or governance evidence
src/services/word-list-provider.ts	golden-only	golden:amordle-pre-terminal-greenfield-golden-2026-07-26:src/services/word-list-provider.ts	147143a5db1197640005cb7cb503c7c1f2c2282dad8800d9dcddfe25dd350501	rejected application, test, fixture, API, visual, or governance evidence
src/styles/global.css	golden-only	golden:amordle-pre-terminal-greenfield-golden-2026-07-26:src/styles/global.css	ac845b31d198586fddf8beb3d1a36409d0ceeac20b1f6c3e96e1c99cf4b6eed7	rejected application, test, fixture, API, visual, or governance evidence
src/types/database.ts	golden-only	golden:amordle-pre-terminal-greenfield-golden-2026-07-26:src/types/database.ts	5604d04ca3f1b86a126a9de1fd5a649af6e35d26fe911a9249afb2bf8d312267	rejected application, test, fixture, API, visual, or governance evidence
src/types/services.ts	golden-only	golden:amordle-pre-terminal-greenfield-golden-2026-07-26:src/types/services.ts	02df7fb37b9473f1bf5dc1a574aa43b52152fa99b26e33bec7c55c2e220d9b34	rejected application, test, fixture, API, visual, or governance evidence
supabase/config.toml	transform	supabase/config.toml	9879a1b6ebb1f4e83bc67726c435de6a1d3de3d8a65ab11486210e4aa86ba56c	safe template rewritten for clean Next.js bootstrap
supabase/migrations.sha256	retain	supabase/migrations.sha256	f73fc5e4260585a93035c4dc2b5bb9216d5576124c55f652d4a66b1369fd14bf	immutable baseline retained byte-for-byte
supabase/migrations/20260526012500_phase8_accounts.sql	retain	supabase/migrations/20260526012500_phase8_accounts.sql	b6d5f52f228987978127e3cfe410dc76a23c991e28582c7aa2886d4a60ba48b6	immutable baseline retained byte-for-byte
supabase/migrations/20260604024500_phase23_live_multiplayer.sql	retain	supabase/migrations/20260604024500_phase23_live_multiplayer.sql	3923a2587b32712c4f9217524848e6653be62080e2beb4890222079a32ae0053	immutable baseline retained byte-for-byte
supabase/migrations/20260604033000_phase23_competitive_multiplayer.sql	retain	supabase/migrations/20260604033000_phase23_competitive_multiplayer.sql	058080e5109f5b9537d63669341de2a97d6c1816a4658018b0837105fa874f73	immutable baseline retained byte-for-byte
supabase/migrations/20260604050824_phase23_online_multiplayer_fixes.sql	retain	supabase/migrations/20260604050824_phase23_online_multiplayer_fixes.sql	c7e68fba2197596cec7e30adf9fb528756b98bc0c381763f375ad16a226961ef	immutable baseline retained byte-for-byte
supabase/migrations/20260604202631_phase23_multiplayer_grants_reset_forfeit.sql	retain	supabase/migrations/20260604202631_phase23_multiplayer_grants_reset_forfeit.sql	cc0db80c578e766f7d16be63b40fdd7adfbbab8908cdcda4a80d1fd3c665d9ab	immutable baseline retained byte-for-byte
supabase/migrations/20260604210000_phase23_live_policy_recursion_fix.sql	retain	supabase/migrations/20260604210000_phase23_live_policy_recursion_fix.sql	bd931fa12ab7c7da0befaa75b9f0160a36366cf5e864f7b2b151314a7209929d	immutable baseline retained byte-for-byte
supabase/migrations/20260604211000_phase23_live_join_policy_fix.sql	retain	supabase/migrations/20260604211000_phase23_live_join_policy_fix.sql	e7d2dc23a91f0ab140db196f81be9d7d9fc66e6f2e51e3d6ca71517f143430dd	immutable baseline retained byte-for-byte
supabase/migrations/20260604211500_phase23_live_matched_lobby_visibility.sql	retain	supabase/migrations/20260604211500_phase23_live_matched_lobby_visibility.sql	0f5de6d3e34629fe7e9d6909e260147a12fcf37231d8adf98722a64e741280db	immutable baseline retained byte-for-byte
supabase/migrations/20260604223000_phase23_daily_multiplayer_claims.sql	retain	supabase/migrations/20260604223000_phase23_daily_multiplayer_claims.sql	bd30360847f63f6a8bf8c1df5d59ac23651bcd3a4c6bb0adea7622c9b033a6a6	immutable baseline retained byte-for-byte
supabase/migrations/20260605043000_phase23_stage4_lobby_cancel_spectators.sql	retain	supabase/migrations/20260605043000_phase23_stage4_lobby_cancel_spectators.sql	60b85321d29084f2fad5d84653520995bf41842acc00e07aa9bbdaaeca35f68e	immutable baseline retained byte-for-byte
supabase/migrations/20260605223500_phase23_stage6_daily_claim_release.sql	retain	supabase/migrations/20260605223500_phase23_stage6_daily_claim_release.sql	d839483549d8a3ff03a7f813c8217c97c4b9a16bfc6077eb5458d3a46ad2772b	immutable baseline retained byte-for-byte
supabase/migrations/20260615235440_phase26_live_v1_authenticated_spectator_projection.sql	retain	supabase/migrations/20260615235440_phase26_live_v1_authenticated_spectator_projection.sql	74faf075d3d4617567d66b3b117fae108ea2803158531d5a7bdba41fa5be860d	immutable baseline retained byte-for-byte
supabase/migrations/20260616054019_phase27_trusted_settlement_ranked_queue.sql	retain	supabase/migrations/20260616054019_phase27_trusted_settlement_ranked_queue.sql	c10cf16373fc7e78aee9ea0b0abc8d2bbfe1185c76e3fe8cc8e66601936c03c2	immutable baseline retained byte-for-byte
supabase/migrations/20260616055149_phase27_settlement_rpc_unambiguous_profile_upsert.sql	retain	supabase/migrations/20260616055149_phase27_settlement_rpc_unambiguous_profile_upsert.sql	c8ccdf4408e92ac7fad1e5dc19c2a4b85a51a41e830d823ac4184b40fe122644	immutable baseline retained byte-for-byte
supabase/migrations/20260616165434_phase27_ranked_queue_game_finalization.sql	retain	supabase/migrations/20260616165434_phase27_ranked_queue_game_finalization.sql	6a73b22922dd6693240c748b64cce78a4d4b396644a7dc70f6ce69bcc572339a	immutable baseline retained byte-for-byte
supabase/migrations/20260618004638_phase28_live_spectator_v2_daily_terminal_hold.sql	retain	supabase/migrations/20260618004638_phase28_live_spectator_v2_daily_terminal_hold.sql	63d526b14e242ef0cfb65805748a2b8776e6c31f00c170953f41c2fe5f9b42eb	immutable baseline retained byte-for-byte
supabase/migrations/20260621003033_phase29_public_profile_rls.sql	retain	supabase/migrations/20260621003033_phase29_public_profile_rls.sql	fb1ec0df10608664a921f6edae37054a8f704d611fe56e0a018199193dbaf96d	immutable baseline retained byte-for-byte
supabase/migrations/20260623011923_phase30_public_ranked_leaderboard_rpc.sql	retain	supabase/migrations/20260623011923_phase30_public_ranked_leaderboard_rpc.sql	2d6fcbc61872b5f6d5218f3b4c8dd8925fffa7aad05b0b57f205252e9b0b9284	immutable baseline retained byte-for-byte
supabase/migrations/20260623235121_phase31_practice_rematch_requests.sql	retain	supabase/migrations/20260623235121_phase31_practice_rematch_requests.sql	67a0d63f61189680d1f987630851d1b1dc6f9f87e53ada39ba1b53f39aa18f13	immutable baseline retained byte-for-byte
supabase/migrations/20260624233635_phase32_participant_identity_rpc.sql	retain	supabase/migrations/20260624233635_phase32_participant_identity_rpc.sql	9286b66fef567d143e1e7e06e2d9c155bf199663425dad0e1f9a0d41a12ea136	immutable baseline retained byte-for-byte
supabase/migrations/20260626000925_phase33_timed_ranked_practice.sql	retain	supabase/migrations/20260626000925_phase33_timed_ranked_practice.sql	2d38a2c50566e31b241702dec49f50a678f0a3a505b8c979c839b4d19e42ebe6	immutable baseline retained byte-for-byte
supabase/migrations/20260627230835_phase35_ranked_live_identity_spectator_profiles.sql	retain	supabase/migrations/20260627230835_phase35_ranked_live_identity_spectator_profiles.sql	cd7c0da86a8ff5ea1c402f3cdeea6bd82c47e59a5101e3b5cb7805912e2eba4d	immutable baseline retained byte-for-byte
supabase/migrations/20260630215141_phase38_public_spectator_projection.sql	retain	supabase/migrations/20260630215141_phase38_public_spectator_projection.sql	170b38a5a9da0b003541dda2d23d9e7a0b35c122747d9f6d730c0e35cf79955b	immutable baseline retained byte-for-byte
supabase/migrations/20260630220251_phase38_daily_claim_rpc_anon_revoke.sql	retain	supabase/migrations/20260630220251_phase38_daily_claim_rpc_anon_revoke.sql	4809b727cbc036a4bbc14fad6d4989a4231cba33f6a2b3822e4d968aff758bec	immutable baseline retained byte-for-byte
supabase/migrations/20260701221500_phase40_private_match_requests.sql	retain	supabase/migrations/20260701221500_phase40_private_match_requests.sql	fe27cf98a83608a5b11dab2ae83d05c17876d8cc9f8334a7f853418dac6f8c20	immutable baseline retained byte-for-byte
supabase/migrations/20260701232434_phase40_private_match_accept_contract_repair.sql	retain	supabase/migrations/20260701232434_phase40_private_match_accept_contract_repair.sql	94672cbb0b1f93c2b384e1d5704197f819c5ba4acbfb5b77a572c8ad52f30d9b	immutable baseline retained byte-for-byte
supabase/migrations/20260703152720_phase42_site_stats_dashboard_rpc.sql	retain	supabase/migrations/20260703152720_phase42_site_stats_dashboard_rpc.sql	e04a38c4cca099f4fc8535936c039bbfb5c1f30b1c4cfc328121a1bc998c6ab3	immutable baseline retained byte-for-byte
supabase/migrations/20260703154556_phase42_browser_grant_rls_repair.sql	retain	supabase/migrations/20260703154556_phase42_browser_grant_rls_repair.sql	843b23d300f276b816e26c644ce592665469080e5b47a6bdb23359e46b649e74	immutable baseline retained byte-for-byte
supabase/migrations/20260703160756_phase42_ranked_result_rls_recursion_repair.sql	retain	supabase/migrations/20260703160756_phase42_ranked_result_rls_recursion_repair.sql	4e77d91fedf92a79b8462a89c7db076e174eb8ddcc1e3420d6b208e1b11bfc55	immutable baseline retained byte-for-byte
supabase/migrations/20260703230106_phase43_ranked_queue_matching_fairness.sql	retain	supabase/migrations/20260703230106_phase43_ranked_queue_matching_fairness.sql	c1a2cdbd9c32d434291eadece0b34893ebd05c86793df89a44f85872d49efc9c	immutable baseline retained byte-for-byte
supabase/migrations/20260708202000_phase50_ranked_practice_fifo_matchmaking.sql	retain	supabase/migrations/20260708202000_phase50_ranked_practice_fifo_matchmaking.sql	376cb6363a9dcea7be6dc11925054837e269c625a89d1700dc81b8870ba382de	immutable baseline retained byte-for-byte
supabase/migrations/20260710061039_phase55_ranked_daily_multiplayer.sql	retain	supabase/migrations/20260710061039_phase55_ranked_daily_multiplayer.sql	7e71de944f6c3f3a89b947a5cd2b8dcc45a1049fa8391f552f8ecb02308dadf4	immutable baseline retained byte-for-byte
supabase/migrations/20260710180608_phase55_ranked_daily_contract_repair.sql	retain	supabase/migrations/20260710180608_phase55_ranked_daily_contract_repair.sql	078e0e44e2151841666ec1a6c9f133544df5c280e3eb9d53aba36590bac27c14	immutable baseline retained byte-for-byte
supabase/migrations/20260710183654_phase55_ranked_daily_queue_matched_at_repair.sql	retain	supabase/migrations/20260710183654_phase55_ranked_daily_queue_matched_at_repair.sql	a865791b87280d14fd0f44dcbed4a5da072bee7d329e58dc6d1a135ca506f637	immutable baseline retained byte-for-byte
supabase/migrations/20260710184116_phase55_ranked_daily_cleanup_orphan_repair.sql	retain	supabase/migrations/20260710184116_phase55_ranked_daily_cleanup_orphan_repair.sql	4fdde5ae912617f002eec9df698c417c55b96028c8393a08a283eca4f46aae3f	immutable baseline retained byte-for-byte
supabase/migrations/20260710184922_phase55_ranked_daily_finalization_authority_repair.sql	retain	supabase/migrations/20260710184922_phase55_ranked_daily_finalization_authority_repair.sql	f13da197325f5799cf98a04f5faa250ec0608d1733c241fc0dccac4b99038432	immutable baseline retained byte-for-byte
supabase/migrations/20260711001811_phase56_private_request_center_and_anti_spam.sql	retain	supabase/migrations/20260711001811_phase56_private_request_center_and_anti_spam.sql	8848a57785b04da2631a3a9dbafa9a591d0213d04c9e888984c467e309c4e925	immutable baseline retained byte-for-byte
supabase/migrations/20260711051818_phase57_solo_practice_marketplace_and_consumables.sql	retain	supabase/migrations/20260711051818_phase57_solo_practice_marketplace_and_consumables.sql	8fbbaf6a8f6ec2fb5398716d2f06161666743367b0330999c20adabd6265a209	immutable baseline retained byte-for-byte
supabase/migrations/20260711212934_post_phase57_spectator_termination_transparency.sql	retain	supabase/migrations/20260711212934_post_phase57_spectator_termination_transparency.sql	d079f996ea2ccfa588332a8db19d7a637ac0be30713b45f951d3b222cf1c98c8	immutable baseline retained byte-for-byte
supabase/migrations/20260712175405_phase58_go_chain_selector_v2.sql	retain	supabase/migrations/20260712175405_phase58_go_chain_selector_v2.sql	b8b486f1503e21f1854919fb0b9893c6f516a96b97bf784b1d4dfbd291eecb62	immutable baseline retained byte-for-byte
supabase/migrations/20260712190338_phase58_go_chain_selector_v2_bigint_overflow_repair.sql	retain	supabase/migrations/20260712190338_phase58_go_chain_selector_v2_bigint_overflow_repair.sql	3b12c91703ba5231a0c1c05e7ea7d7a8dceeb0dd8629e05ae10c1c29c0c23f24	immutable baseline retained byte-for-byte
supabase/migrations/20260719212914_post_phase58_ranked_practice_claim_idempotence.sql	retain	supabase/migrations/20260719212914_post_phase58_ranked_practice_claim_idempotence.sql	07884cc5129f8f3b99c6d524aa4751bee59ff9823b6133d91b798125853eba3f	immutable baseline retained byte-for-byte
supabase/migrations/20260724221000_amordle_authoritative_word_catalog.sql	retain	supabase/migrations/20260724221000_amordle_authoritative_word_catalog.sql	02fce23b77b6d0839fbbf958653cb23c805ed7f7aff3976ba20ccb2d87a246a2	immutable baseline retained byte-for-byte
supabase/migrations/20260724222000_amordle_authoritative_combat_v2.sql	retain	supabase/migrations/20260724222000_amordle_authoritative_combat_v2.sql	7943f43efa3f5e7894974dce8454c7815f3eea6e062a9366ce7b31a84ade3767	immutable baseline retained byte-for-byte
supabase/migrations/20260724223000_amordle_live_spectator_privacy_v3.sql	retain	supabase/migrations/20260724223000_amordle_live_spectator_privacy_v3.sql	52d204250852bb11720cc1cbcdc5c7b1dcb4355cc04b7c410c85cd47fa4b3398	immutable baseline retained byte-for-byte
tests/browser/KeyboardLab.tsx	golden-only	golden:amordle-pre-terminal-greenfield-golden-2026-07-26:tests/browser/KeyboardLab.tsx	a0c172844a47b745877616760a4d66158eb6170daf00d93d19fa878fbefa386d	rejected application, test, fixture, API, visual, or governance evidence
tests/browser/admin-preview-states.test.tsx	golden-only	golden:amordle-pre-terminal-greenfield-golden-2026-07-26:tests/browser/admin-preview-states.test.tsx	ae8b1b49b72dc17223cc29fdb237a4b4731b1afe42386e81b8c385407a2c782f	rejected application, test, fixture, API, visual, or governance evidence
tests/browser/combat-preview-components.test.tsx	golden-only	golden:amordle-pre-terminal-greenfield-golden-2026-07-26:tests/browser/combat-preview-components.test.tsx	9663fd5cbd638395012623add9d2bb8da258d3d6e91c42040c624199b44122e7	rejected application, test, fixture, API, visual, or governance evidence
tests/browser/concept-coverage.test.tsx	golden-only	golden:amordle-pre-terminal-greenfield-golden-2026-07-26:tests/browser/concept-coverage.test.tsx	750ed01d40a787f55ea825bf23e2994906e6392bcf2ddeef9faa1b35b3e54ad5	rejected application, test, fixture, API, visual, or governance evidence
tests/browser/game-ui.test.tsx	golden-only	golden:amordle-pre-terminal-greenfield-golden-2026-07-26:tests/browser/game-ui.test.tsx	95707594c77a71f26cc3d9a0f1dd141b9bc5125764a13d561927fda1e22a6715	rejected application, test, fixture, API, visual, or governance evidence
tests/browser/notification-center.test.tsx	golden-only	golden:amordle-pre-terminal-greenfield-golden-2026-07-26:tests/browser/notification-center.test.tsx	049a9e8bab135f7774cdc654b77d8b2defb0d28fd158a9ab5f683da4c8f10933	rejected application, test, fixture, API, visual, or governance evidence
tests/browser/runtime-status.test.tsx	golden-only	golden:amordle-pre-terminal-greenfield-golden-2026-07-26:tests/browser/runtime-status.test.tsx	4ed1b86d8bdc6270b0b8491b2c43211e75357220af0734935372807580a1c50c	rejected application, test, fixture, API, visual, or governance evidence
tests/browser/setup.ts	golden-only	golden:amordle-pre-terminal-greenfield-golden-2026-07-26:tests/browser/setup.ts	91a3c8962a0edcb956206a501d943fe99e1c78c6d4d8b5c9a948a3362c75978c	rejected application, test, fixture, API, visual, or governance evidence
tests/browser/supporting-ui.test.tsx	golden-only	golden:amordle-pre-terminal-greenfield-golden-2026-07-26:tests/browser/supporting-ui.test.tsx	1f14d03b08ede57c4e7d2c48baadf2cd23577a518fb529ca9675505058ed641b	rejected application, test, fixture, API, visual, or governance evidence
tests/domain/account-hydration.test.ts	golden-only	golden:amordle-pre-terminal-greenfield-golden-2026-07-26:tests/domain/account-hydration.test.ts	7afd92e82af4c8f8de1b3889d00f6c783fbcf66677bc3769df07f69eb8daf84c	rejected application, test, fixture, API, visual, or governance evidence
tests/domain/account-repository.test.ts	golden-only	golden:amordle-pre-terminal-greenfield-golden-2026-07-26:tests/domain/account-repository.test.ts	2e6443fe4369c2c379be93f8c52e44557a9491a4fb7035e31353c7b96f2a7ff3	rejected application, test, fixture, API, visual, or governance evidence
tests/domain/auth-service.test.ts	golden-only	golden:amordle-pre-terminal-greenfield-golden-2026-07-26:tests/domain/auth-service.test.ts	25983b2ff8b9ff20147cbed36b816425f8fdd089a0c15e50a66b52fa1f485bcf	rejected application, test, fixture, API, visual, or governance evidence
tests/domain/authoritative-combat-repository.test.ts	golden-only	golden:amordle-pre-terminal-greenfield-golden-2026-07-26:tests/domain/authoritative-combat-repository.test.ts	66ce105bf77e40e79bb6b3f5a1786a26bac9cfc868bf29d5734bd39724d18763	rejected application, test, fixture, API, visual, or governance evidence
tests/domain/combat-command-failure.test.ts	golden-only	golden:amordle-pre-terminal-greenfield-golden-2026-07-26:tests/domain/combat-command-failure.test.ts	84777dadd2b8ada18e5adbdfb67087c98f396f7e9effc656944dfaa3dd1f89f9	rejected application, test, fixture, API, visual, or governance evidence
tests/domain/combat-history.test.ts	golden-only	golden:amordle-pre-terminal-greenfield-golden-2026-07-26:tests/domain/combat-history.test.ts	a2f3426b01050299c324a6cef97773191b61a635a390aab4e3f7765218a893d1	rejected application, test, fixture, API, visual, or governance evidence
tests/domain/combat-live-repository.test.ts	golden-only	golden:amordle-pre-terminal-greenfield-golden-2026-07-26:tests/domain/combat-live-repository.test.ts	3c6e60a2862ecd828eb3829bd60ced7cdbdcd33c73c36ae05719e46282f86c3b	rejected application, test, fixture, API, visual, or governance evidence
tests/domain/combat-preview-projections.test.ts	golden-only	golden:amordle-pre-terminal-greenfield-golden-2026-07-26:tests/domain/combat-preview-projections.test.ts	9986d2c30e42894151657c76c2ac33ebed2fe10ba2f16cb802cdea673f7dac88	rejected application, test, fixture, API, visual, or governance evidence
tests/domain/combat-preview-repository.test.ts	golden-only	golden:amordle-pre-terminal-greenfield-golden-2026-07-26:tests/domain/combat-preview-repository.test.ts	31e4fb63ebee0b1923e02d572bad4d38e941c6ecb5167c8ebcfb90b3aa2c1723	rejected application, test, fixture, API, visual, or governance evidence
tests/domain/combat.test.ts	golden-only	golden:amordle-pre-terminal-greenfield-golden-2026-07-26:tests/domain/combat.test.ts	02a944ea1b569ec5fe49a9aa70a5048bfbde9b21456925714e41ff7975751e3e	rejected application, test, fixture, API, visual, or governance evidence
tests/domain/durable-coordinators.test.ts	golden-only	golden:amordle-pre-terminal-greenfield-golden-2026-07-26:tests/domain/durable-coordinators.test.ts	63a79582b8f03a90ab8c3410f60bd79941e103fafc928bf9023ea8e40d5803c0	rejected application, test, fixture, API, visual, or governance evidence
tests/domain/economy-progression.test.ts	golden-only	golden:amordle-pre-terminal-greenfield-golden-2026-07-26:tests/domain/economy-progression.test.ts	d1429528bf05eabbbd1a42640e11a847745fa175ca401067cdee565db4fe5b13	rejected application, test, fixture, API, visual, or governance evidence
tests/domain/game.test.ts	golden-only	golden:amordle-pre-terminal-greenfield-golden-2026-07-26:tests/domain/game.test.ts	14f9665af4bceefb1f0f4be04b3619c14bc630779f988d5e4e0afb5291f7bed3	rejected application, test, fixture, API, visual, or governance evidence
tests/domain/go-daily.test.ts	golden-only	golden:amordle-pre-terminal-greenfield-golden-2026-07-26:tests/domain/go-daily.test.ts	a54ac64b36e9d798beedf065affb0607be9cb8b581fe4766688f20a6f6b64882	rejected application, test, fixture, API, visual, or governance evidence
tests/domain/identity-transition-machine.test.ts	golden-only	golden:amordle-pre-terminal-greenfield-golden-2026-07-26:tests/domain/identity-transition-machine.test.ts	a736f20f7188f9dc5d697e39a93028354a95089b9c55388e871da28dc1756a14	rejected application, test, fixture, API, visual, or governance evidence
tests/domain/keyboard-model.test.ts	golden-only	golden:amordle-pre-terminal-greenfield-golden-2026-07-26:tests/domain/keyboard-model.test.ts	356c643851bb17a45316b3f14066e1b7339c96b8cbe340e9ff930877401ebf8a	rejected application, test, fixture, API, visual, or governance evidence
tests/domain/legacy-go-restart-coordinator.test.ts	golden-only	golden:amordle-pre-terminal-greenfield-golden-2026-07-26:tests/domain/legacy-go-restart-coordinator.test.ts	026e2e2146774c9670a62fa328d582488a73447374cd6e2e1df5eb3d6d1b6964	rejected application, test, fixture, API, visual, or governance evidence
tests/domain/notifications.test.ts	golden-only	golden:amordle-pre-terminal-greenfield-golden-2026-07-26:tests/domain/notifications.test.ts	537b8f7d72c2626252ca330dd02ca3df2a952b30bcd8a1357131804f68d89bfa	rejected application, test, fixture, API, visual, or governance evidence
tests/domain/pending-daily-lobby.test.ts	golden-only	golden:amordle-pre-terminal-greenfield-golden-2026-07-26:tests/domain/pending-daily-lobby.test.ts	ce9c56e1a78a87e3a9843d82663d2c73fe0e633299053523e48ba258ba177e10	rejected application, test, fixture, API, visual, or governance evidence
tests/domain/pending-practice-lobby.test.ts	golden-only	golden:amordle-pre-terminal-greenfield-golden-2026-07-26:tests/domain/pending-practice-lobby.test.ts	4e215fe0eff1e33ec4426b1b58d467a488c5c5b48672caa7949735dda5d37bee	rejected application, test, fixture, API, visual, or governance evidence
tests/domain/pending-ranked-daily.test.ts	golden-only	golden:amordle-pre-terminal-greenfield-golden-2026-07-26:tests/domain/pending-ranked-daily.test.ts	7a9331300046dc032f39b9cf5e2aeee5005d3d8a05f89b291f7ad7c5b906b8a1	rejected application, test, fixture, API, visual, or governance evidence
tests/domain/pending-ranked-practice.test.ts	golden-only	golden:amordle-pre-terminal-greenfield-golden-2026-07-26:tests/domain/pending-ranked-practice.test.ts	03881eb20a67aecbbc6cbda195a59de30b5f1ff3dca1d175f0db4bbf949e2fef	rejected application, test, fixture, API, visual, or governance evidence
tests/domain/persistence.test.ts	golden-only	golden:amordle-pre-terminal-greenfield-golden-2026-07-26:tests/domain/persistence.test.ts	102999e66131c0965de7ead3dab981ec1327c70380ed2568b1816d4b8c5b43bf	rejected application, test, fixture, API, visual, or governance evidence
tests/domain/postgres-timestamp.test.ts	golden-only	golden:amordle-pre-terminal-greenfield-golden-2026-07-26:tests/domain/postgres-timestamp.test.ts	734b3796352387d8f73865e4197ffe6f067c6769d4208574aae2668ebd5d702c	rejected application, test, fixture, API, visual, or governance evidence
tests/domain/practice-combat-preview.test.ts	golden-only	golden:amordle-pre-terminal-greenfield-golden-2026-07-26:tests/domain/practice-combat-preview.test.ts	42c22e436b92f75eb76b559d0c56307ad73d0ab5ef72d479eb9d43031a6e3a45	rejected application, test, fixture, API, visual, or governance evidence
tests/domain/practice-combat-transport.test.ts	golden-only	golden:amordle-pre-terminal-greenfield-golden-2026-07-26:tests/domain/practice-combat-transport.test.ts	0ca6ef40417e23df9da15ba187b44c7ac1a9da3883000fd6dc8699a6fb33d99c	rejected application, test, fixture, API, visual, or governance evidence
tests/domain/public-projections.test.ts	golden-only	golden:amordle-pre-terminal-greenfield-golden-2026-07-26:tests/domain/public-projections.test.ts	35ebbef52b694e0d27c3cd38b1036cb6a02c081cfc938fda91e1e7693963e870	rejected application, test, fixture, API, visual, or governance evidence
tests/domain/solo-cloud-reconciliation.test.ts	golden-only	golden:amordle-pre-terminal-greenfield-golden-2026-07-26:tests/domain/solo-cloud-reconciliation.test.ts	4355741a6566f68d378fb757c84bbbdee3766d33e3951e205e2bc777d460b969	rejected application, test, fixture, API, visual, or governance evidence
tests/domain/solo-consumable-intent.test.ts	golden-only	golden:amordle-pre-terminal-greenfield-golden-2026-07-26:tests/domain/solo-consumable-intent.test.ts	7eb097db86b3a4eb11f8a604a2cc16e9369d7a97b61363bd05b734ea2c2f36d9	rejected application, test, fixture, API, visual, or governance evidence
tests/domain/solo-continuation-intent.test.ts	golden-only	golden:amordle-pre-terminal-greenfield-golden-2026-07-26:tests/domain/solo-continuation-intent.test.ts	07e6a8e3bee4ee5383127d92b7de87ebe602b5018104575c93ec526852615afc	rejected application, test, fixture, API, visual, or governance evidence
tests/domain/solo-launch.test.ts	golden-only	golden:amordle-pre-terminal-greenfield-golden-2026-07-26:tests/domain/solo-launch.test.ts	906d7506755399a8190fd9ecd34a36b661703aecb35f37ae4335885da37d1c60	rejected application, test, fixture, API, visual, or governance evidence
tests/domain/solo-results.test.ts	golden-only	golden:amordle-pre-terminal-greenfield-golden-2026-07-26:tests/domain/solo-results.test.ts	ff3b9d187d4e21300483d125eb7cf1866d986c5cebe2472dd945661ac6ddbd8c	rejected application, test, fixture, API, visual, or governance evidence
tests/domain/solo-session-persistence.test.ts	golden-only	golden:amordle-pre-terminal-greenfield-golden-2026-07-26:tests/domain/solo-session-persistence.test.ts	9cb5c1d5ecfb5ffaabe24d2db9d1c225b743d8535f1fb7629c926ad890cfa0f4	rejected application, test, fixture, API, visual, or governance evidence
tests/domain/sound.test.ts	golden-only	golden:amordle-pre-terminal-greenfield-golden-2026-07-26:tests/domain/sound.test.ts	2844e843b7e78b80845dde88fa3aa5aa82015ce4014c9898762db2c66a0e8046	rejected application, test, fixture, API, visual, or governance evidence
tests/domain/words.test.ts	golden-only	golden:amordle-pre-terminal-greenfield-golden-2026-07-26:tests/domain/words.test.ts	8cfc47ffa33a275b065a19da590e6c4c2f498195b9d65b4166da9036f1e051b3	rejected application, test, fixture, API, visual, or governance evidence
tests/e2e/fixture.checkpoint-2-support.spec.ts	golden-only	golden:amordle-pre-terminal-greenfield-golden-2026-07-26:tests/e2e/fixture.checkpoint-2-support.spec.ts	8d42f14b7a9345b97661542f762d8a56cc4ed0152d47818e11a13fa9a3ee7d39	rejected application, test, fixture, API, visual, or governance evidence
tests/e2e/fixture.navigation.spec.ts	golden-only	golden:amordle-pre-terminal-greenfield-golden-2026-07-26:tests/e2e/fixture.navigation.spec.ts	22fbfeb46562297f3796b73a43f0840027dc1f251a132e275c23cad5d7892dca	rejected application, test, fixture, API, visual, or governance evidence
tests/e2e/fixture.product-state.spec.ts	golden-only	golden:amordle-pre-terminal-greenfield-golden-2026-07-26:tests/e2e/fixture.product-state.spec.ts	872ec8e7ba7e90e7f814e2a3f0fc12b1e6b65aa4f16024e2077d0241564d083b	rejected application, test, fixture, API, visual, or governance evidence
tests/e2e/protected-preview-global-setup.ts	golden-only	golden:amordle-pre-terminal-greenfield-golden-2026-07-26:tests/e2e/protected-preview-global-setup.ts	0d2fafeba9f690ea3da741463845e135d38bd7ccfdfedc57fd85ea2586a5f0d9	rejected application, test, fixture, API, visual, or governance evidence
tests/e2e/protected-preview.ts	golden-only	golden:amordle-pre-terminal-greenfield-golden-2026-07-26:tests/e2e/protected-preview.ts	09e4bcb11b8fac04589e9983d11b01004cdd3c81cc58b90c19b945a9aee07fee	rejected application, test, fixture, API, visual, or governance evidence
tests/e2e/services.account-profile-practice-ui.spec.ts	golden-only	golden:amordle-pre-terminal-greenfield-golden-2026-07-26:tests/e2e/services.account-profile-practice-ui.spec.ts	ab906658c55c6486751541575fc86dbf8fb587b3a5cfc29ed30879cbc32cbe44	rejected application, test, fixture, API, visual, or governance evidence
tests/e2e/services.amordle.spec.ts	golden-only	golden:amordle-pre-terminal-greenfield-golden-2026-07-26:tests/e2e/services.amordle.spec.ts	ec77415bf44f614eec320291827316c4612c85e99c70a8dd4d49aa13c242c438	rejected application, test, fixture, API, visual, or governance evidence
tests/e2e/services.authoritative-combat-v2.spec.ts	golden-only	golden:amordle-pre-terminal-greenfield-golden-2026-07-26:tests/e2e/services.authoritative-combat-v2.spec.ts	882ed03ef5c02dd37f91da517262e4c4bcd6869e68007b794bc2d500acbb09ad	rejected application, test, fixture, API, visual, or governance evidence
tests/e2e/services.hosted.spec.ts	golden-only	golden:amordle-pre-terminal-greenfield-golden-2026-07-26:tests/e2e/services.hosted.spec.ts	3c66a3952d0f2b5cc4a81d3c5ebf925d3f60ed8a5bf88da161e1768c8aa39a67	rejected application, test, fixture, API, visual, or governance evidence
tests/e2e/services.mobile-calendar-daily.spec.ts	golden-only	golden:amordle-pre-terminal-greenfield-golden-2026-07-26:tests/e2e/services.mobile-calendar-daily.spec.ts	cd3bbbf88a2bff422980a8c0fa9bfbc89e02d60f55a4cb1144671df0c4109cb9	rejected application, test, fixture, API, visual, or governance evidence
tests/e2e/services.multiplayer-parity-ui.spec.ts	golden-only	golden:amordle-pre-terminal-greenfield-golden-2026-07-26:tests/e2e/services.multiplayer-parity-ui.spec.ts	a5daedf204a728c76880a9a0cc5066606bf7ca2863800327d78c55a89174a053	rejected application, test, fixture, API, visual, or governance evidence
tests/e2e/services.practice-combat.spec.ts	golden-only	golden:amordle-pre-terminal-greenfield-golden-2026-07-26:tests/e2e/services.practice-combat.spec.ts	d54ff3875c6bf3f4a9ff5c757a08a894fc203ed9ec692540acf7684bf39a7ceb	rejected application, test, fixture, API, visual, or governance evidence
tests/e2e/visual.checkpoint-2.spec.ts	golden-only	golden:amordle-pre-terminal-greenfield-golden-2026-07-26:tests/e2e/visual.checkpoint-2.spec.ts	cc2be2d7ef714725915b6fc46b200e2841bb9e0d6ecf317652e7591751b25e0e	rejected application, test, fixture, API, visual, or governance evidence
tests/e2e/visual.gallery.spec.ts	golden-only	golden:amordle-pre-terminal-greenfield-golden-2026-07-26:tests/e2e/visual.gallery.spec.ts	cba27649ffdacc894771d8ecb0ce50c11f6b561b67ba5beae4843b2d325f3af4	rejected application, test, fixture, API, visual, or governance evidence
tests/e2e/visual.keyboard.spec.ts	golden-only	golden:amordle-pre-terminal-greenfield-golden-2026-07-26:tests/e2e/visual.keyboard.spec.ts	aac782810aa5b416236bf2ad00596e1b17072c803854beaa6d154a46d85c1a4b	rejected application, test, fixture, API, visual, or governance evidence
tests/e2e/visual.shell-parity.spec.ts	golden-only	golden:amordle-pre-terminal-greenfield-golden-2026-07-26:tests/e2e/visual.shell-parity.spec.ts	482b5b46dfba8c3fa22dd896d3446e3e871e3622f6720b41fc7d7b93d64afb52	rejected application, test, fixture, API, visual, or governance evidence
tests/server/api-contract.test.ts	golden-only	golden:amordle-pre-terminal-greenfield-golden-2026-07-26:tests/server/api-contract.test.ts	7bd462078801dbc991dddf5eb5b2a6ee68d1dce169e3ca53508a7271a842741e	rejected application, test, fixture, API, visual, or governance evidence
tests/server/manifest-service.test.ts	golden-only	golden:amordle-pre-terminal-greenfield-golden-2026-07-26:tests/server/manifest-service.test.ts	0d9e35033119b2c96db5e6cd5b7dfff0c28db240a4097894ec68cb0aeda7f213	rejected application, test, fixture, API, visual, or governance evidence
tests/server/real-service-harness.ts	golden-only	golden:amordle-pre-terminal-greenfield-golden-2026-07-26:tests/server/real-service-harness.ts	2285123a6a9cde2a7be81ca75d706589f3d695330d27bf8f52027f2b757b4494	rejected application, test, fixture, API, visual, or governance evidence
tests/server/word-list-atomicity.test.ts	golden-only	golden:amordle-pre-terminal-greenfield-golden-2026-07-26:tests/server/word-list-atomicity.test.ts	aac6f32e27e1d3bf46b0135d571f0700388969c4f4593f40b40b9a2acaa14f41	rejected application, test, fixture, API, visual, or governance evidence
tests/server/word-list-publication-store.test.ts	golden-only	golden:amordle-pre-terminal-greenfield-golden-2026-07-26:tests/server/word-list-publication-store.test.ts	33128e686ce5648ffe1e76330d0ddb84db9a75c87241acdc7e8b1ad65bd224c2	rejected application, test, fixture, API, visual, or governance evidence
tests/server/word-list-validation.test.ts	golden-only	golden:amordle-pre-terminal-greenfield-golden-2026-07-26:tests/server/word-list-validation.test.ts	cf0bd74fd4c56831d3a9701c4a2428c421a285d0ab1d3c07174047aae3e4f1db	rejected application, test, fixture, API, visual, or governance evidence
tsconfig.app.json	remove	golden:amordle-pre-terminal-greenfield-golden-2026-07-26:tsconfig.app.json	f66d902843ac277b1e7dba24872d387f0bc6b73e9c34d452578c12c4ce2abc5c	obsolete application/build machinery; recovery only
tsconfig.json	remove	golden:amordle-pre-terminal-greenfield-golden-2026-07-26:tsconfig.json	e8d6f7b50828db3953e21c7e92584f9206b3cd2551b4012507372afbb7fe9ce3	obsolete application/build machinery; recovery only
tsconfig.node.json	remove	golden:amordle-pre-terminal-greenfield-golden-2026-07-26:tsconfig.node.json	613bc4e67816ba5d2eb952b5f830071fa448f9b77521510fbbbd8bd9d39657a0	obsolete application/build machinery; recovery only
vercel.json	transform	vercel.json	8c2fa5839df146d016b055b092ee4b1a53f320f637fa0d4a3ad93f72a9d765f4	safe template rewritten for clean Next.js bootstrap
vite.config.ts	remove	golden:amordle-pre-terminal-greenfield-golden-2026-07-26:vite.config.ts	efec977356e61055881685e596870e70a8b3adf6dc3c93a612faee8811543e08	obsolete application/build machinery; recovery only
vitest.browser.config.ts	remove	golden:amordle-pre-terminal-greenfield-golden-2026-07-26:vitest.browser.config.ts	8b3e5ac5509ba81f284f799744b6aa89494438e0847b5c6eafcda1af52ec976d	obsolete application/build machinery; recovery only
vitest.config.ts	remove	golden:amordle-pre-terminal-greenfield-golden-2026-07-26:vitest.config.ts	b86123c85403e3306e61efa8cdaeb84f0d0cc39e11d86e6b0e18787b5ac903b3	obsolete application/build machinery; recovery only
